X [m],Y [m],Z [m],Roll [deg],Pitch [deg],Yaw [deg],MoveGroup,Frame
-0.22538946957475003,0.004547737922459549,0.47030606394394947,0.1648289156579609,60.992180153809066,-3.15433552836899,right_ur5,right_ur5_ee_link
