X [m],Y [m],Z [m],Roll [deg],Pitch [deg],Yaw [deg],MoveGroup,Frame
-0.03501300824401421,-0.20635001947061726,0.037391962751379126,1.1826773624315592,3.2274616706983488,-4.746265359198223,right_ur5,right_ur5_ee_link
