X [m],Y [m],Z [m],Roll [deg],Pitch [deg],Yaw [deg],MoveGroup,Frame
-0.21807857201480585,-0.02539886639053679,0.3341740813104134,3.626393731269223,45.34846222722628,1.7379456081844533,right_ur5,right_ur5_ee_link
