X [m],Y [m],Z [m],Roll [deg],Pitch [deg],Yaw [deg]
0.01709147871767125,0.15556592662839053,-0.18954907333700488,80.0559393987987,-5.347823398955378,4.396709846893563
